{
  "metadata": {
    "name": "69shu - repo Đường đen",
    "author": "hajljnopera",
    "version": 15,
    "source": "https://69shu.biz",
    "regexp": "(69shu|69shuba|69xinshu)\\.(.*?)/(txt|book|b|c)/.*?\\.html",
    "description": "Đọc truyện trên trang 69shuba.com",
    "locale": "zh_CN",
    "language": "javascript",
    "type": "chinese_novel"
  },
  "script": {
    "home": "home.js",
    "detail": "detail.js",
    "toc": "toc.js",
    "chap": "chap.js",
    "genre": "genre.js",
    "search": "search.js"
  }
}