{
  "metadata": {
    "name": "爱笔楼 - ibiquge.net",
    "author": "Moleys",
    "version": 2,
    "source": "http://www.ibiquge.net",
    "regexp": "(www.|m.)?ibiquge.net/\\d+_\\d+/?$",
    "description": "Đọc truyện trên trang ibiquge.net",
    "locale": "zh_CN",
    "language": "javascript",
    "type": "chinese_novel"
  },
  "script": {
    "home": "home.js",
    "genre": "genre.js",
    "detail": "detail.js",
    "toc": "toc.js",
    "search": "search.js",
    "chap": "chap.js"
  }
}