{
  "metadata": {
    "name": "YuShuBo 【御书网】- Yushugu",
    "author": "Nhocconsr",
    "version": 6,
    "source": "https://www.yushugu.com/",
    "regexp": "(www.)?(m.)?yushugu.com/book_\\d+.html",
    "description": "Sửa tên miền yushubo.net thành yushugu.com",
    "locale": "zh-CN",
    "language": "javascript",
    "type": "chinese_novel"
  },
  "script": {
    "home": "home.js",
    "detail": "detail.js",
    "search": "search.js",
    "toc": "toc.js",
    "chap": "chap.js"
  }
}