{
  "metadata": {
    "name": "youyoukanshu",
    "author": "Đường đen",
    "version": 1,
    "source": "https://www.youyoukanshu.com",
    "regexp": "(www.|m.)?youyoukanshu.com/book/(.*?)(/?|\\.html)",
    "description": "Đọc truyện trên trang https://www.youyoukanshu.com",
    "locale": "zh_CN",
    "language": "javascript",
    "type": "chinese_novel"
  },
  "script": {
    "home": "home.js",
    "detail": "detail.js",
    "toc": "toc.js",
    "genre": "genre.js",
    "chap": "chap.js"
  }
}