{
  "metadata": {
    "name": "笔趣阁-9biquge",
    "author": "Đường đen",
    "version": 5,
    "source": "https://www.9biquge.com",
    "regexp": "www.?9biquge.com/\\d+/\\d+(/?|\\.html)",
    "description": "Đọc truyện trên trang http://www.9biquge.com",
    "locale": "zh_CN",
    "language": "javascript",
    "type": "chinese_novel"
  },
  "script": {
    "home": "home.js",
    "search": "search.js",
    "genre": "genre.js",
    "detail": "detail.js",
    "toc": "toc.js",
    "chap": "chap.js"
  }
}