{
  "metadata": {
    "name": "小阁老-97xiaoshuo",
    "author": "Đường đen",
    "version": 2,
    "source": "http://www.97xiaoshuo.net",
    "regexp": "www.?97xiaoshuo.net/\\d+_\\d+/?$",
    "description": "Đọc truyện trên trang http://www.97xiaoshuo.net",
    "locale": "zh_CN",
    "language": "javascript",
    "type": "chinese_novel"
  },
  "script": {
    "home": "home.js",
    "genre": "genre.js",
    "detail": "detail.js",
    "toc": "toc.js",
    "chap": "chap.js"
  }
}