{
  "metadata": {
    "name": "dongliuxiaoshuo",
    "author": "Đường đen",
    "version": 3,
    "source": "https://www.dongliuxiaoshuo.com",
    "regexp": "(www.|m.)?dongliuxiaoshuo.com/read/(.*?)(/?|\\.html)",
    "description": "Đọc truyện trên trang https://www.dongliuxiaoshuo.com",
    "locale": "zh_CN",
    "language": "javascript",
    "type": "chinese_novel"
  },
  "script": {
    "home": "home.js",
    "detail": "detail.js",
    "toc": "toc.js",
    "genre": "genre.js",
    "chap": "chap.js"
  }
}